id,conversation_id,created_at,date,time,timezone,user_id,username,name,place,tweet,language,mentions,urls,photos,replies_count,retweets_count,likes_count,hashtags,cashtags,link,retweet,quote_url,video,thumbnail,near,geo,source,user_rt_id,user_rt,retweet_id,reply_to,retweet_date,translate,trans_src,trans_dest
1391862914525638658,1391857183801974794,2021-05-11 00:09:13 MSK,2021-05-11,00:09:13,+0300,783214,twitter,Twitter,,@annaeatcarrots us scrolling the timeline,en,[],[],[],23,27,2138,[],[],https://twitter.com/Twitter/status/1391862914525638658,False,,0,,,,,,,,"[{'screen_name': 'annaeatcarrots', 'name': 'anna is excited for camping', 'id': '1348222825237278723'}]",,,,
1391862914479529989,1391857183801974794,2021-05-11 00:09:13 MSK,2021-05-11,00:09:13,+0300,783214,twitter,Twitter,,"@heybereket ""saw some drama""",en,[],[],[],9,12,706,[],[],https://twitter.com/Twitter/status/1391862914479529989,False,,0,,,,,,,,"[{'screen_name': 'heybereket', 'name': 'Bereket', 'id': '825702078324563969'}]",,,,
1391857183801974794,1391857183801974794,2021-05-10 23:46:26 MSK,2021-05-10,23:46:26,+0300,783214,twitter,Twitter,,your Twitter personality in one pic,en,[],[],[],14413,3905,60465,[],[],https://twitter.com/Twitter/status/1391857183801974794,False,,0,,,,,,,,[],,,,
1391856943657111558,1390725076996268038,2021-05-10 23:45:29 MSK,2021-05-10,23:45:29,+0300,783214,twitter,Twitter,,"@RemarkableJamie unlike the fridge, Twitter has something new when you open it",en,[],[],[],11,11,75,[],[],https://twitter.com/Twitter/status/1391856943657111558,False,,0,,,,,,,,"[{'screen_name': 'RemarkableJamie', 'name': 'Jam√≠e From Tw√≠tter \ue055', 'id': '464867175'}]",,,,
1390726788049932288,1390725076996268038,2021-05-07 20:54:39 MSK,2021-05-07,20:54:39,+0300,783214,twitter,Twitter,,@vmiwn consider it open for business,en,[],[],[],30,34,1657,[],[],https://twitter.com/Twitter/status/1390726788049932288,False,,0,,,,,,,,"[{'screen_name': 'vmiwn', 'name': 'hiro !? üßà', 'id': '731839426079408128'}]",,,,
1390725997603995648,1390725076996268038,2021-05-07 20:51:30 MSK,2021-05-07,20:51:30,+0300,783214,twitter,Twitter,,@TSM open Twitter  close Twitter open Twitter  close Twitter,en,[],[],[],37,14,895,[],[],https://twitter.com/Twitter/status/1390725997603995648,False,,0,,,,,,,,"[{'screen_name': 'TSM', 'name': 'TSM', 'id': '286505380'}]",,,,
1390725868851503110,1390725076996268038,2021-05-07 20:51:00 MSK,2021-05-07,20:51:00,+0300,783214,twitter,Twitter,,"@blackprints you shared your cal, remember!?",en,[],[],[],11,17,728,[],[],https://twitter.com/Twitter/status/1390725868851503110,False,,0,,,,,,,,"[{'screen_name': 'blackprints', 'name': 'nesrin danan', 'id': '65442958'}]",,,,
1390725076996268038,1390725076996268038,2021-05-07 20:47:51 MSK,2021-05-07,20:47:51,+0300,783214,twitter,Twitter,,open Twitter  close Twitter open Twitter  close Twitter,en,[],[],[],5980,20827,126060,[],[],https://twitter.com/Twitter/status/1390725076996268038,False,,0,,,,,,,,[],,,,
1390702424470474754,1390454979765305345,2021-05-07 19:17:50 MSK,2021-05-07,19:17:50,+0300,783214,twitter,Twitter,,@as_a_vegetarian also water. please stay hydrated,en,[],[],[],15,25,1152,[],[],https://twitter.com/Twitter/status/1390702424470474754,False,,0,,,,,,,,"[{'screen_name': 'as_a_vegetarian', 'name': 'Liv :P', 'id': '929467645044383749'}]",,,,
1390448583934201858,1390428182260723712,2021-05-07 02:29:10 MSK,2021-05-07,02:29:10,+0300,783214,twitter,Twitter,,@vinn_ayy okay sure,en,[],[],[],16,7,526,[],[],https://twitter.com/Twitter/status/1390448583934201858,False,,0,,,,,,,,"[{'screen_name': 'vinn_ayy', 'name': 'Vinny Thomas ¬°', 'id': '867008801433669634'}]",,,,
1390434602192355328,1389898319598690304,2021-05-07 01:33:36 MSK,2021-05-07,01:33:36,+0300,783214,twitter,Twitter,,@wordmancopy learned so much ty,en,[],[],[],10,3,161,[],[],https://twitter.com/Twitter/status/1390434602192355328,False,,0,,,,,,,,"[{'screen_name': 'wordmancopy', 'name': 'Dave Harland (Lower Demographic)', 'id': '490285935'}]",,,,
1390432553111273472,1389836908931403778,2021-05-07 01:25:28 MSK,2021-05-07,01:25:28,+0300,783214,twitter,Twitter,,@trendsjeon this Tweet makes us happy,en,[],[],[],12,7,106,[],[],https://twitter.com/Twitter/status/1390432553111273472,False,,0,,,,,,,,"[{'screen_name': 'trendsjeon', 'name': 'rya‚Å∑ üßà', 'id': '1379800413239607296'}]",,,,
1390396166496522247,1390396166496522247,2021-05-06 23:00:53 MSK,2021-05-06,23:00:53,+0300,783214,twitter,Twitter,,"show your love, leave a tip   now testing Tip Jar, a new way to give and receive money on Twitter üí∏   more coming soon...  https://t.co/7vyCzlRIFc",en,[],[],['https://pbs.twimg.com/tweet_video_thumb/E0ut6-IXIAAZXSw.jpg'],3547,8531,38560,[],[],https://twitter.com/Twitter/status/1390396166496522247,False,,1,https://pbs.twimg.com/tweet_video_thumb/E0ut6-IXIAAZXSw.jpg,,,,,,,[],,,,
1390028952148844545,1390026628957417473,2021-05-05 22:41:42 MSK,2021-05-05,22:41:42,+0300,783214,twitter,Twitter,,@Nightbat152 it's only the long necked egret duh,en,[],[],[],36,137,7156,[],[],https://twitter.com/Twitter/status/1390028952148844545,False,,0,,,,,,,,"[{'screen_name': 'Nightbat152', 'name': 'NightBat and 115 others', 'id': '952002959524618240'}]",,,,
1390026628957417473,1390026628957417473,2021-05-05 22:32:28 MSK,2021-05-05,22:32:28,+0300,783214,twitter,Twitter,,"no bird too tall, no crop too short  introducing bigger and better images on iOS and Android, now available to everyone  https://t.co/2buHfhfRAx",en,[],[],"['https://pbs.twimg.com/media/E0pd2L2XEAQ_gnn.jpg', 'https://pbs.twimg.com/media/E0pd2hPXoAY9-TZ.jpg']",3435,10304,68294,[],[],https://twitter.com/Twitter/status/1390026628957417473,False,,1,https://pbs.twimg.com/media/E0pd2L2XEAQ_gnn.jpg,,,,,,,[],,,,
1387426242060767234,1387426242060767234,2021-04-28 18:19:27 MSK,2021-04-28,18:19:27,+0300,783214,twitter,Twitter,,writing a good Tweet is hard okay,en,[],[],[],5884,14587,110114,[],[],https://twitter.com/Twitter/status/1387426242060767234,False,,0,,,,,,,,[],,,,
1387098953997557760,1387097965702127622,2021-04-27 20:38:56 MSK,2021-04-27,20:38:56,+0300,783214,twitter,Twitter,,@scenetaeryh ü§ùüßà,und,[],[],[],19,11,124,[],[],https://twitter.com/Twitter/status/1387098953997557760,False,,0,,,,,,,,"[{'screen_name': 'scenetaeryh', 'name': 'neptune‚Å∑ üßà', 'id': '1239666366342483970'}]",,,,
1387097431301632000,1387061671852642305,2021-04-27 20:32:53 MSK,2021-04-27,20:32:53,+0300,783214,twitter,Twitter,,@scenetaeryh spread the word  https://t.co/m6lB5zinBF,en,[],[],['https://pbs.twimg.com/media/Ez_1u74XsAMsQyi.jpg'],25,92,398,[],[],https://twitter.com/Twitter/status/1387097431301632000,False,,1,https://pbs.twimg.com/media/Ez_1u74XsAMsQyi.jpg,,,,,,,"[{'screen_name': 'scenetaeryh', 'name': 'neptune‚Å∑ üßà', 'id': '1239666366342483970'}]",,,,
1387069118403252227,1387061671852642305,2021-04-27 18:40:22 MSK,2021-04-27,18:40:22,+0300,783214,twitter,Twitter,,@TiwariVinnie and we Tweeted it,en,[],[],[],7,1,115,[],[],https://twitter.com/Twitter/status/1387069118403252227,False,,0,,,,,,,,"[{'screen_name': 'TiwariVinnie', 'name': 'Vinnie Tiwari', 'id': '1246151083677769728'}]",,,,
1387067963686244356,1387061671852642305,2021-04-27 18:35:47 MSK,2021-04-27,18:35:47,+0300,783214,twitter,Twitter,,@cahcd1 thanks for the heads up,en,[],[],[],2,5,414,[],[],https://twitter.com/Twitter/status/1387067963686244356,False,,0,,,,,,,,"[{'screen_name': 'cahcd1', 'name': 'cass ‚òï (i was in the park with my friends playing', 'id': '1298637226121793536'}]",,,,
1387067888675160066,1387061671852642305,2021-04-27 18:35:29 MSK,2021-04-27,18:35:29,+0300,783214,twitter,Twitter,,@folkIivia when is she not,en,[],[],[],14,6,702,[],[],https://twitter.com/Twitter/status/1387067888675160066,False,,0,,,,,,,,"[{'screen_name': 'folkIivia', 'name': 'angie', 'id': '1333492204304699393'}]",,,,
1387067776443949065,1387061671852642305,2021-04-27 18:35:03 MSK,2021-04-27,18:35:03,+0300,783214,twitter,Twitter,,@Zahra_Hasan exasperated but urgent,en,[],[],[],6,2,54,[],[],https://twitter.com/Twitter/status/1387067776443949065,False,,0,,,,,,,,"[{'screen_name': 'Zahra_Hasan', 'name': 'Zahra Hasan', 'id': '29476063'}]",,,,
1387066677209280512,1387061671852642305,2021-04-27 18:30:40 MSK,2021-04-27,18:30:40,+0300,783214,twitter,Twitter,,@tjoonies not sure if you've heard of this place called Twitter but that's us,en,[],[],[],30,28,1115,[],[],https://twitter.com/Twitter/status/1387066677209280512,False,,0,,,,,,,,"[{'screen_name': 'tjoonies', 'name': 'Ÿãdiya‚Å∑', 'id': '1342118741585235971'}]",,,,
1387066547752026113,1387061671852642305,2021-04-27 18:30:10 MSK,2021-04-27,18:30:10,+0300,783214,twitter,Twitter,,@vmiwn  https://t.co/NONWYkc5AM,und,[],[],['https://pbs.twimg.com/media/Ez_ZmQTXoAEXtG8.png'],17,17,372,[],[],https://twitter.com/Twitter/status/1387066547752026113,False,,1,https://pbs.twimg.com/media/Ez_ZmQTXoAEXtG8.png,,,,,,,[],,,,
1387066349160075268,1387061671852642305,2021-04-27 18:29:22 MSK,2021-04-27,18:29:22,+0300,783214,twitter,Twitter,,@DeePee30 how'd you find our office,en,[],[],[],4,4,182,[],[],https://twitter.com/Twitter/status/1387066349160075268,False,,0,,,,,,,,"[{'screen_name': 'DeePee30', 'name': 'Deven Parikh', 'id': '1055965244'}]",,,,
1387065583707951105,1387061671852642305,2021-04-27 18:26:20 MSK,2021-04-27,18:26:20,+0300,783214,twitter,Twitter,,@Vraxooo sometimes we experience everything so much,en,[],[],[],12,25,646,[],[],https://twitter.com/Twitter/status/1387065583707951105,False,,0,,,,,,,,"[{'screen_name': 'Vraxooo', 'name': 'XSET Vrax', 'id': '999726261734989824'}]",,,,
1387065566276554752,1387061671852642305,2021-04-27 18:26:16 MSK,2021-04-27,18:26:16,+0300,783214,twitter,Twitter,,@PrimoMessi so everything is happening except that,en,[],[],[],9,19,969,[],[],https://twitter.com/Twitter/status/1387065566276554752,False,,0,,,,,,,,"[{'screen_name': 'PrimoMessi', 'name': '‡∏£–∫◊ß', 'id': '1124653646757515265'}]",,,,
1387065238793695236,1387061671852642305,2021-04-27 18:24:58 MSK,2021-04-27,18:24:58,+0300,783214,twitter,Twitter,,@thereeljuicyj_ need a lullaby please,en,[],[],[],12,2,118,[],[],https://twitter.com/Twitter/status/1387065238793695236,False,,0,,,,,,,,"[{'screen_name': 'thereeljuicyj_', 'name': 'ùòÆùò¢ùò≥ùò∫ùò¢ùòÆüê¨ #FreePalestine üáµüá∏', 'id': '1265457246147928065'}]",,,,
1387064687452299265,1387061671852642305,2021-04-27 18:22:46 MSK,2021-04-27,18:22:46,+0300,783214,twitter,Twitter,,@lR0NDAD good luck with your finals!,en,[],[],[],4,3,162,[],[],https://twitter.com/Twitter/status/1387064687452299265,False,,0,,,,,,,,"[{'screen_name': 'lR0NDAD', 'name': 'Ÿãabbie CHECK RTS', 'id': '1314291217417592834'}]",,,,
1387064218042736644,1387061671852642305,2021-04-27 18:20:54 MSK,2021-04-27,18:20:54,+0300,783214,twitter,Twitter,,@lovershoax make it stop,en,[],[],[],7,5,113,[],[],https://twitter.com/Twitter/status/1387064218042736644,False,,0,,,,,,,,"[{'screen_name': 'lovershoax', 'name': 'ria :)', 'id': '1290355776494731268'}]",,,,
1387064164951019520,1387061671852642305,2021-04-27 18:20:41 MSK,2021-04-27,18:20:41,+0300,783214,twitter,Twitter,,@Malickvfx everything is ratio-ing so much,en,[],[],[],8,15,645,[],[],https://twitter.com/Twitter/status/1387064164951019520,False,,0,,,,,,,,[],,,,
1387064061620277248,1387061671852642305,2021-04-27 18:20:17 MSK,2021-04-27,18:20:17,+0300,783214,twitter,Twitter,,@Jinn_chan LOVE YOU,en,[],[],[],5,8,242,[],[],https://twitter.com/Twitter/status/1387064061620277248,False,,0,,,,,,,,"[{'screen_name': 'Jinn_chan', 'name': 'jeev...üßàüê•', 'id': '1294675703766474754'}]",,,,
1387063618089455630,1387061671852642305,2021-04-27 18:18:31 MSK,2021-04-27,18:18:31,+0300,783214,twitter,Twitter,,@scenetaeryh and by everything we mean that,en,[],[],[],19,50,795,[],[],https://twitter.com/Twitter/status/1387063618089455630,False,,0,,,,,,,,"[{'screen_name': 'scenetaeryh', 'name': 'neptune‚Å∑ üßà', 'id': '1239666366342483970'}]",,,,
1387063199657234436,1387061671852642305,2021-04-27 18:16:51 MSK,2021-04-27,18:16:51,+0300,783214,twitter,Twitter,,@newportliving well why didn't you tell us,en,[],[],[],2,3,137,[],[],https://twitter.com/Twitter/status/1387063199657234436,False,,0,,,,,,,,"[{'screen_name': 'newportliving', 'name': 'samantha', 'id': '29256548'}]",,,,
1387061671852642305,1387061671852642305,2021-04-27 18:10:47 MSK,2021-04-27,18:10:47,+0300,783214,twitter,Twitter,,everything is happening so much,en,[],[],[],4145,14000,82345,[],[],https://twitter.com/Twitter/status/1387061671852642305,False,,0,,,,,,,,[],,,,
1385329078862024712,1384929440648605702,2021-04-22 23:26:05 MSK,2021-04-22,23:26:05,+0300,783214,twitter,Twitter,,"@corietjohnson speaking for everyone, no",en,[],[],[],26,20,1705,[],[],https://twitter.com/Twitter/status/1385329078862024712,False,,0,,,,,,,,"[{'screen_name': 'corietjohnson', 'name': 'corie johnson', 'id': '335991846'}]",,,,
1384659589778612226,1384659589778612226,2021-04-21 03:05:46 MSK,2021-04-21,03:05:46,+0300,783214,twitter,Twitter,,the work continues,en,[],[],[],825,635,5929,[],[],https://twitter.com/Twitter/status/1384659589778612226,False,https://twitter.com/TwitterTogether/status/1384618224889729024,0,,,,,,,,[],,,,
1384572293058289666,1384565583530840067,2021-04-20 21:18:53 MSK,2021-04-20,21:18:53,+0300,783214,twitter,Twitter,,"@djarinculture thank you for the research, bestie",en,[],[],[],11,8,141,[],[],https://twitter.com/Twitter/status/1384572293058289666,False,,0,,,,,,,,"[{'screen_name': 'djarinculture', 'name': 'janet üáµüá∏', 'id': '1340949971353432064'}]",,,,
1384566538934620160,1384163034482892808,2021-04-20 20:56:01 MSK,2021-04-20,20:56:01,+0300,783214,twitter,Twitter,,@Skoog pretty much correct,en,[],[],[],6,0,70,[],[],https://twitter.com/Twitter/status/1384566538934620160,False,,0,,,,,,,,"[{'screen_name': 'Skoog', 'name': 'Oh Skoog', 'id': '843035659'}]",,,,
1384566538884329472,1383457712382480390,2021-04-20 20:56:01 MSK,2021-04-20,20:56:01,+0300,783214,twitter,Twitter,,"@MoniNextDoor ""just said I do LMAOOOO""",en,[],[],[],8,3,25,[],[],https://twitter.com/Twitter/status/1384566538884329472,False,,0,,,,,,,,"[{'screen_name': 'MoniNextDoor', 'name': 'Makoto Kino ‚ôÉ', 'id': '39850467'}]",,,,
1384565583530840067,1384565583530840067,2021-04-20 20:52:13 MSK,2021-04-20,20:52:13,+0300,783214,twitter,Twitter,,now you can bless the Tweets in your Fleets with pics of baby pigeons or whatever pics and vids you want really  rolling out on iOS  https://t.co/LAtuRvTTFv,en,[],[],"['https://pbs.twimg.com/media/Ezb3DtFWEAM5-QN.jpg', 'https://pbs.twimg.com/media/Ezb3D6nXIAEO3kH.jpg']",773,748,5290,[],[],https://twitter.com/Twitter/status/1384565583530840067,False,,1,https://pbs.twimg.com/media/Ezb3DtFWEAM5-QN.jpg,,,,,,,[],,,,
1380306486962782208,1380306486962782208,2021-04-09 02:48:06 MSK,2021-04-09,02:48:06,+0300,783214,twitter,Twitter,,"RT for tired, like for very tired",en,[],[],[],2848,21891,121188,[],[],https://twitter.com/Twitter/status/1380306486962782208,False,,0,,,,,,,,[],,,,
1379497921004064769,1379490826171072514,2021-04-06 21:15:08 MSK,2021-04-06,21:15:08,+0300,783214,twitter,Twitter,,@dinoman_j we're they,en,[],[],[],27,28,1466,[],[],https://twitter.com/Twitter/status/1379497921004064769,False,,0,,,,,,,,"[{'screen_name': 'dinoman_j', 'name': 'dinosaur', 'id': '1304794047811325956'}]",,,,
1379495553139085323,1379490826171072514,2021-04-06 21:05:44 MSK,2021-04-06,21:05:44,+0300,783214,twitter,Twitter,,@MirandaBassagi are you sure they're the one?,en,[],[],[],14,5,123,[],[],https://twitter.com/Twitter/status/1379495553139085323,False,,0,,,,,,,,"[{'screen_name': 'MirandaBassagi', 'name': 'ExtraOrdinary Woman', 'id': '345969236'}]",,,,
1379495464022720514,1379490826171072514,2021-04-06 21:05:23 MSK,2021-04-06,21:05:23,+0300,783214,twitter,Twitter,,@makeart it's basic math really,en,[],[],[],11,7,113,[],[],https://twitter.com/Twitter/status/1379495464022720514,False,,0,,,,,,,,"[{'screen_name': 'makeart', 'name': 'üé®', 'id': '15746935'}]",,,,
1379494856628703234,1379490826171072514,2021-04-06 21:02:58 MSK,2021-04-06,21:02:58,+0300,783214,twitter,Twitter,,@njl_mr it was a hint,en,[],[],[],8,2,57,[],[],https://twitter.com/Twitter/status/1379494856628703234,False,,0,,,,,,,,"[{'screen_name': 'njl_mr', 'name': 'Lila‚Å∑', 'id': '1324446091723468800'}]",,,,
1379494105605144579,1379490826171072514,2021-04-06 20:59:59 MSK,2021-04-06,20:59:59,+0300,783214,twitter,Twitter,,@niallsbwcolors you didn't see this then,en,[],[],[],6,0,42,[],[],https://twitter.com/Twitter/status/1379494105605144579,False,,0,,,,,,,,[],,,,
1379494050991120387,1379490826171072514,2021-04-06 20:59:46 MSK,2021-04-06,20:59:46,+0300,783214,twitter,Twitter,,@RealCosimino goals,en,[],[],[],4,4,72,[],[],https://twitter.com/Twitter/status/1379494050991120387,False,,0,,,,,,,,"[{'screen_name': 'RealCosimino', 'name': 'Vlahovimino üá∑üá∏', 'id': '1280588991734087681'}]",,,,
1379493641668939784,1379490826171072514,2021-04-06 20:58:08 MSK,2021-04-06,20:58:08,+0300,783214,twitter,Twitter,,@jimin_snuck_in playing hard to get,en,[],[],[],5,5,232,[],[],https://twitter.com/Twitter/status/1379493641668939784,False,,0,,,,,,,,[],,,,
1379492822869479424,1379490826171072514,2021-04-06 20:54:53 MSK,2021-04-06,20:54:53,+0300,783214,twitter,Twitter,,@stiinkyrue Maybe he LIKES your Tweets he just doesn't like like them,en,[],[],[],4,3,199,[],[],https://twitter.com/Twitter/status/1379492822869479424,False,,0,,,,,,,,"[{'screen_name': 'stiinkyrue', 'name': 'rue :(', 'id': '1084208482964856832'}]",,,,
1379492700869775362,1379490826171072514,2021-04-06 20:54:24 MSK,2021-04-06,20:54:24,+0300,783214,twitter,Twitter,,@vildanzengin_ you're welcome for the free brain workout,en,[],[],[],4,10,358,[],[],https://twitter.com/Twitter/status/1379492700869775362,False,,0,,,,,,,,"[{'screen_name': 'vildanzengin_', 'name': 'vildan·µïÃà', 'id': '1213952728168189952'}]",,,,
1379492579163660292,1379490826171072514,2021-04-06 20:53:55 MSK,2021-04-06,20:53:55,+0300,783214,twitter,Twitter,,@pvrkeroos we're a mirror today,en,[],[],[],16,16,360,[],[],https://twitter.com/Twitter/status/1379492579163660292,False,,0,,,,,,,,[],,,,
1379492493826342912,1379490826171072514,2021-04-06 20:53:34 MSK,2021-04-06,20:53:34,+0300,783214,twitter,Twitter,,@emilybernay must mean they like you,en,[],[],[],11,12,638,[],[],https://twitter.com/Twitter/status/1379492493826342912,False,,0,,,,,,,,"[{'screen_name': 'emilybernay', 'name': 'Emily', 'id': '290827311'}]",,,,
1379490826171072514,1379490826171072514,2021-04-06 20:46:57 MSK,2021-04-06,20:46:57,+0300,783214,twitter,Twitter,,do they like you or do they just like your Tweet,en,[],[],[],5780,8644,68887,[],[],https://twitter.com/Twitter/status/1379490826171072514,False,,0,,,,,,,,[],,,,
1377689203903844352,1377686211943411712,2021-04-01 21:27:57 MSK,2021-04-01,21:27:57,+0300,783214,twitter,Twitter,,end of thread,en,[],[],[],750,1424,44159,[],[],https://twitter.com/Twitter/status/1377689203903844352,False,,0,,,,,,,,[],,,,
1377686211943411712,1377686211943411712,2021-04-01 21:16:03 MSK,2021-04-01,21:16:03,+0300,783214,twitter,Twitter,,a thread of funny april fools' jokes:,en,[],[],[],3644,8667,86109,[],[],https://twitter.com/Twitter/status/1377686211943411712,False,,0,,,,,,,,[],,,,
1376604334197243905,1376596707484442629,2021-03-29 21:37:04 MSK,2021-03-29,21:37:04,+0300,783214,twitter,Twitter,,@annaeatcarrots @Soin1D floored,en,[],[],[],11,3,61,[],[],https://twitter.com/Twitter/status/1376604334197243905,False,,0,,,,,,,,"[{'screen_name': 'annaeatcarrots', 'name': ""anna doesn't have a rulpert pfp"", 'id': '1348222825237278723'}, {'screen_name': 'Soin1D', 'name': 'sonia¬≤‚Å∏ ‚ùØ‚ùØ‚ùØ‚ùØ isn‚Äôt in denial', 'id': '1303377705153560578'}]",,,,
1376604273681649667,1376596707484442629,2021-03-29 21:36:49 MSK,2021-03-29,21:36:49,+0300,783214,twitter,Twitter,,@y2jbaybay it's a good time to Tweet about the boat,en,[],[],[],10,8,359,[],[],https://twitter.com/Twitter/status/1376604273681649667,False,,0,,,,,,,,"[{'screen_name': 'y2jbaybay', 'name': 'Bunny', 'id': '1131545431790346240'}]",,,,
1376603111364562945,1376596707484442629,2021-03-29 21:32:12 MSK,2021-03-29,21:32:12,+0300,783214,twitter,Twitter,,@mark10stm as we like to say: we are all the boat,en,[],[],[],10,12,93,[],[],https://twitter.com/Twitter/status/1376603111364562945,False,,0,,,,,,,,"[{'screen_name': 'mark10stm', 'name': 'Marcos Paulo Amorim ‚ô•Ô∏èüñ§', 'id': '974411765659394049'}]",,,,
1376602800264597509,1376596707484442629,2021-03-29 21:30:58 MSK,2021-03-29,21:30:58,+0300,783214,twitter,Twitter,,@rgprab the boat was trying its best,en,[],[],[],6,30,1113,[],[],https://twitter.com/Twitter/status/1376602800264597509,False,,0,,,,,,,,"[{'screen_name': 'rgprab', 'name': 'Praroh', 'id': '1275731522830700544'}]",,,,
1376601477288849411,1376596707484442629,2021-03-29 21:25:42 MSK,2021-03-29,21:25:42,+0300,783214,twitter,Twitter,,@LaserEyesFdr don't miss the boat then,en,[],[],[],13,8,201,[],[],https://twitter.com/Twitter/status/1376601477288849411,False,,0,,,,,,,,"[{'screen_name': 'LaserEyesFdr', 'name': 'LaserEyesFDR', 'id': '1345983995222351872'}]",,,,
1376600753708527616,1376596707484442629,2021-03-29 21:22:50 MSK,2021-03-29,21:22:50,+0300,783214,twitter,Twitter,,@oyimzy we're the forklift,en,[],[],[],31,29,908,[],[],https://twitter.com/Twitter/status/1376600753708527616,False,,0,,,,,,,,"[{'screen_name': 'oyimzy', 'name': 'yimzyüÉè', 'id': '2215799604'}]",,,,
1376600289579466760,1376596707484442629,2021-03-29 21:20:59 MSK,2021-03-29,21:20:59,+0300,783214,twitter,Twitter,,@Vithusha_Mo30 floating by on memes,en,[],[],[],5,7,129,[],[],https://twitter.com/Twitter/status/1376600289579466760,False,,0,,,,,,,,"[{'screen_name': 'Vithusha_Mo30', 'name': 'Vithusha', 'id': '1211456147502186496'}]",,,,
1376599426634944513,1376596707484442629,2021-03-29 21:17:33 MSK,2021-03-29,21:17:33,+0300,783214,twitter,Twitter,,@Selmemilove deeper than the suez,en,[],[],[],12,42,824,[],[],https://twitter.com/Twitter/status/1376599426634944513,False,,0,,,,,,,,"[{'screen_name': 'Selmemilove', 'name': 'ÿ±‚ùÄ', 'id': '1704787015'}]",,,,
1376598693298589699,1376596707484442629,2021-03-29 21:14:39 MSK,2021-03-29,21:14:39,+0300,783214,twitter,Twitter,,@djarinculture here for you bestie,en,[],[],[],11,21,747,[],[],https://twitter.com/Twitter/status/1376598693298589699,False,,0,,,,,,,,"[{'screen_name': 'djarinculture', 'name': 'janet üáµüá∏', 'id': '1340949971353432064'}]",,,,
1376598650575458306,1376596707484442629,2021-03-29 21:14:28 MSK,2021-03-29,21:14:28,+0300,783214,twitter,Twitter,,@TheRealAmosZ full sail ahead,en,[],[],[],11,9,813,[],[],https://twitter.com/Twitter/status/1376598650575458306,False,,0,,,,,,,,"[{'screen_name': 'TheRealAmosZ', 'name': 'Amos Zimmerman', 'id': '1031822599817494528'}]",,,,
1376596707484442629,1376596707484442629,2021-03-29 21:06:45 MSK,2021-03-29,21:06:45,+0300,783214,twitter,Twitter,,the boat made it and so can you,en,[],[],[],3987,34959,171562,[],[],https://twitter.com/Twitter/status/1376596707484442629,False,,0,,,,,,,,[],,,,
1375500518366216199,1375500518366216199,2021-03-26 20:30:53 MSK,2021-03-26,20:30:53,+0300,783214,twitter,Twitter,,subtweeting is an art,en,[],[],[],4732,7467,77936,[],[],https://twitter.com/Twitter/status/1375500518366216199,False,,0,,,,,,,,[],,,,
1372263069125111810,1372263069125111810,2021-03-17 22:06:25 MSK,2021-03-17,22:06:25,+0300,783214,twitter,Twitter,,#StopAsianHate #StopAsianHate #StopAsianHate #StopAsianHate #StopAsianHate #StopAsianHate #StopAsianHate #StopAsianHate,und,[],[],[],5061,78676,215995,"['stopasianhate', 'stopasianhate', 'stopasianhate', 'stopasianhate', 'stopasianhate', 'stopasianhate', 'stopasianhate', 'stopasianhate']",[],https://twitter.com/Twitter/status/1372263069125111810,False,,0,,,,,,,,[],,,,
1370410960394067970,1370410960394067970,2021-03-12 19:26:48 MSK,2021-03-12,19:26:48,+0300,783214,twitter,Twitter,,0 days since someone asked for an edit button,en,[],[],[],25460,57558,723434,[],[],https://twitter.com/Twitter/status/1370410960394067970,False,,0,,,,,,,,[],,,,
1370026897808179200,1370026897808179200,2021-03-11 18:00:40 MSK,2021-03-11,18:00:40,+0300,783214,twitter,Twitter,,We‚Äôre working on something we think you‚Äôll love ‚Äî Twitter Spaces!  Still in test mode but rolling out soon. Here‚Äôs a peek at what everybody‚Äôs talking about...  https://t.co/KMXzmKzbDp,en,[],[],[],2328,3083,14656,[],[],https://twitter.com/Twitter/status/1370026897808179200,False,,1,https://pbs.twimg.com/amplify_video_thumb/1370026757668093953/img/gV9Uq_wKVptAgLei.jpg,,,,,,,[],,,,
1369768797784190982,1369730592703574017,2021-03-11 00:55:05 MSK,2021-03-11,00:55:05,+0300,783214,twitter,Twitter,,@reddit love htat for you,en,[],[],[],172,601,13637,[],[],https://twitter.com/Twitter/status/1369768797784190982,False,,0,,,,,,,,"[{'screen_name': 'reddit', 'name': 'Reddit', 'id': '811377'}]",,,,
1369449181946011656,1369439241969799174,2021-03-10 03:45:02 MSK,2021-03-10,03:45:02,+0300,783214,twitter,Twitter,,@Ryuseokjin_ you're absolutely correct,en,[],[],[],182,420,6285,[],[],https://twitter.com/Twitter/status/1369449181946011656,False,,0,,,,,,,,[],,,,
1369449181832699904,1369439241969799174,2021-03-10 03:45:02 MSK,2021-03-10,03:45:02,+0300,783214,twitter,Twitter,,@BeLiNdAoOx  https://t.co/g2uPWckjOA,und,[],['https://twitter.com/Twitter/status/1194075230274228224'],[],9,2,482,[],[],https://twitter.com/Twitter/status/1369449181832699904,False,https://twitter.com/Twitter/status/1194075230274228224,0,,,,,,,,"[{'screen_name': 'BeLiNdAoOx', 'name': 'Belinda', 'id': '47609245'}]",,,,
1369447694251548679,1369439241969799174,2021-03-10 03:39:08 MSK,2021-03-10,03:39:08,+0300,783214,twitter,Twitter,,@sarcasm_mansion uh oh,en,[],[],[],9,5,499,[],[],https://twitter.com/Twitter/status/1369447694251548679,False,,0,,,,,,,,"[{'screen_name': 'sarcasm_mansion', 'name': '—ï–ΩŒπŒΩŒ±–º SNOW', 'id': '1309063188101636096'}]",,,,
1369446466729746442,1369439241969799174,2021-03-10 03:34:15 MSK,2021-03-10,03:34:15,+0300,783214,twitter,Twitter,,@emilybernay proud of you,en,[],[],[],5,4,307,[],[],https://twitter.com/Twitter/status/1369446466729746442,False,,0,,,,,,,,"[{'screen_name': 'emilybernay', 'name': 'Emily', 'id': '290827311'}]",,,,
1369442376624840709,1369439241969799174,2021-03-10 03:18:00 MSK,2021-03-10,03:18:00,+0300,783214,twitter,Twitter,,@jimin_snuck_in we'll see,en,[],[],[],7,1,48,[],[],https://twitter.com/Twitter/status/1369442376624840709,False,,0,,,,,,,,[],,,,
1369442376595423232,1369439241969799174,2021-03-10 03:18:00 MSK,2021-03-10,03:18:00,+0300,783214,twitter,Twitter,,@brenduhalvarado changed our mind idk idk,en,[],[],[],8,9,1787,[],[],https://twitter.com/Twitter/status/1369442376595423232,False,,0,,,,,,,,"[{'screen_name': 'brenduhalvarado', 'name': 'Brenda', 'id': '268632713'}]",,,,
1369442376507420680,1369439241969799174,2021-03-10 03:18:00 MSK,2021-03-10,03:18:00,+0300,783214,twitter,Twitter,,@bunsenbernerbmd those are the rules,en,[],[],[],20,27,3185,[],[],https://twitter.com/Twitter/status/1369442376507420680,False,,0,,,,,,,,"[{'screen_name': 'bunsenbernerbmd', 'name': 'Bunsen and BEAKER', 'id': '917201597247012864'}]",,,,
1369441872905650179,1369439241969799174,2021-03-10 03:16:00 MSK,2021-03-10,03:16:00,+0300,783214,twitter,Twitter,,"@bluemeth123 different month, different mood",en,[],[],[],38,205,5842,[],[],https://twitter.com/Twitter/status/1369441872905650179,False,,0,,,,,,,,"[{'screen_name': 'bluemeth123', 'name': 'breaking degrom', 'id': '1169333524144558080'}]",,,,
1369441029372448770,1369439241969799174,2021-03-10 03:12:39 MSK,2021-03-10,03:12:39,+0300,783214,twitter,Twitter,,@Lexiedanversss thanks bestie,en,[],[],[],32,37,2579,[],[],https://twitter.com/Twitter/status/1369441029372448770,False,,0,,,,,,,,[],,,,
1369439241969799174,1369439241969799174,2021-03-10 03:05:32 MSK,2021-03-10,03:05:32,+0300,783214,twitter,Twitter,,some Tweets belong in the drafts,en,[],[],[],5609,37584,224796,[],[],https://twitter.com/Twitter/status/1369439241969799174,False,,0,,,,,,,,[],,,,
1367565559265640455,1367513918235693065,2021-03-04 23:00:12 MSK,2021-03-04,23:00:12,+0300,783214,twitter,Twitter,,"@uhmaayyze ""the official hype man of Twitter""",en,[],[],[],21,9,407,[],[],https://twitter.com/Twitter/status/1367565559265640455,False,,0,,,,,,,,"[{'screen_name': 'uhmaayyze', 'name': 'uhmaayyze', 'id': '2814636592'}]",,,,
1367556742121422848,1367513918235693065,2021-03-04 22:25:09 MSK,2021-03-04,22:25:09,+0300,783214,twitter,Twitter,,"@SpiderManMovie #SpiderManNoWayHome starring Tom Holland, Zendaya, Jacob Batalon, Tobey Maguire, and Andrew Garfield, only in movie theaters this Christmas.",en,[],[],[],1395,9010,50766,['spidermannowayhome'],[],https://twitter.com/Twitter/status/1367556742121422848,False,,0,,,,,,,,"[{'screen_name': 'SpiderManMovie', 'name': 'Spider-Man: No Way Home', 'id': '281217033'}]",,,,
1367542754625126415,1367513918235693065,2021-03-04 21:29:35 MSK,2021-03-04,21:29:35,+0300,783214,twitter,Twitter,,"@EatLiquidGold ""the reason gold is at an all time high""",en,[],[],[],6,0,104,[],[],https://twitter.com/Twitter/status/1367542754625126415,False,,0,,,,,,,,"[{'screen_name': 'EatLiquidGold', 'name': 'Velveeta', 'id': '286432628'}]",,,,
1367542250813685760,1367535958820753410,2021-03-04 21:27:34 MSK,2021-03-04,21:27:34,+0300,783214,twitter,Twitter,,"@gunnargehl ""One Second Of One Day... but so many Tweets""",en,[],[],[],16,13,146,[],[],https://twitter.com/Twitter/status/1367542250813685760,False,,0,,,,,,,,"[{'screen_name': 'gunnargehl', 'name': 'Gunnar Gehl', 'id': '2724476935'}]",,,,
1367531899854413830,1367513918235693065,2021-03-04 20:46:27 MSK,2021-03-04,20:46:27,+0300,783214,twitter,Twitter,,"@Barbie ""astronaut, scientist, doctor, vet, dream house owner""",en,[],[],[],11,31,1354,[],[],https://twitter.com/Twitter/status/1367531899854413830,False,,0,,,,,,,,"[{'screen_name': 'Barbie', 'name': 'Barbie', 'id': '19005152'}]",,,,
1367530213043806208,1367513918235693065,2021-03-04 20:39:44 MSK,2021-03-04,20:39:44,+0300,783214,twitter,Twitter,,"@jennaezarik ""justine's sister""",en,[],[],[],34,19,1549,[],[],https://twitter.com/Twitter/status/1367530213043806208,False,,0,,,,,,,,"[{'screen_name': 'jennaezarik', 'name': 'Jenna Ezarik', 'id': '6015992'}]",,,,
1367530212968308738,1367513918235693065,2021-03-04 20:39:44 MSK,2021-03-04,20:39:44,+0300,783214,twitter,Twitter,,"@ijustine ""jenna's sister""",no,[],[],[],8,10,778,[],[],https://twitter.com/Twitter/status/1367530212968308738,False,,0,,,,,,,,"[{'screen_name': 'ijustine', 'name': 'iJustine', 'id': '7846'}]",,,,
1367529560414310403,1367513918235693065,2021-03-04 20:37:09 MSK,2021-03-04,20:37:09,+0300,783214,twitter,Twitter,,"@MAYAMAXIMOFFS ""anya taylor-joy and everything else is wrong üíö """,en,[],[],[],4,2,33,[],[],https://twitter.com/Twitter/status/1367529560414310403,False,,0,,,,,,,,"[{'screen_name': 'MAYAMAXIMOFFS', 'name': 'Mayaüë©\u200d‚ù§Ô∏è\u200düíã\u200düë©', 'id': '1320528913576189958'}]",,,,
1367528830433447936,1367513918235693065,2021-03-04 20:34:15 MSK,2021-03-04,20:34:15,+0300,783214,twitter,Twitter,,"@realUNOgame ""Tweets about about how you can't stack a +2 on a +2""",en,[],[],[],22,94,3423,[],[],https://twitter.com/Twitter/status/1367528830433447936,False,,0,,,,,,,,"[{'screen_name': 'realUNOgame', 'name': 'UNO', 'id': '2614048026'}]",,,,
1367528553533878280,1367513918235693065,2021-03-04 20:33:09 MSK,2021-03-04,20:33:09,+0300,783214,twitter,Twitter,,"@71meddle ""sticking to the classics so I never go wrong. she/her""",en,[],[],[],6,5,368,[],[],https://twitter.com/Twitter/status/1367528553533878280,False,,0,,,,,,,,"[{'screen_name': '71meddle', 'name': 'lea ü¶¶', 'id': '1038689227788177408'}]",,,,
1367528262797307906,1367513918235693065,2021-03-04 20:31:59 MSK,2021-03-04,20:31:59,+0300,783214,twitter,Twitter,,"@colbertlateshow ""our show is on late""",en,[],[],[],10,8,601,[],[],https://twitter.com/Twitter/status/1367528262797307906,False,,0,,,,,,,,"[{'screen_name': 'colbertlateshow', 'name': 'A Late Show', 'id': '2835886194'}]",,,,
1367528072363339778,1367513918235693065,2021-03-04 20:31:14 MSK,2021-03-04,20:31:14,+0300,783214,twitter,Twitter,,"@BagelBites ""ended the NY v. NJ bagel debate""",en,[],[],[],6,2,384,[],[],https://twitter.com/Twitter/status/1367528072363339778,False,,0,,,,,,,,"[{'screen_name': 'BagelBites', 'name': 'Bagel Bites', 'id': '1111286507653025793'}]",,,,
1367528072216539136,1367513918235693065,2021-03-04 20:31:14 MSK,2021-03-04,20:31:14,+0300,783214,twitter,Twitter,,"@PsycheAgustD_ ""let's get this hobi bread""",en,[],[],[],39,766,6110,[],[],https://twitter.com/Twitter/status/1367528072216539136,False,,0,,,,,,,,[],,,,
1367528072203894788,1367513918235693065,2021-03-04 20:31:14 MSK,2021-03-04,20:31:14,+0300,783214,twitter,Twitter,,"@ppredictors ""0% fact, 100% fun""",en,[],[],[],64,85,3277,[],[],https://twitter.com/Twitter/status/1367528072203894788,False,,0,,,,,,,,"[{'screen_name': 'ppredictors', 'name': 'Predictions', 'id': '825502175744901120'}]",,,,
1367527712655564803,1367513918235693065,2021-03-04 20:29:48 MSK,2021-03-04,20:29:48,+0300,783214,twitter,Twitter,,"@Ieiasolo ""AGATHA HARKNESS CAN HEX ME, she/they""",en,[],[],[],18,71,2000,[],[],https://twitter.com/Twitter/status/1367527712655564803,False,,0,,,,,,,,[],,,,
1367527712504561675,1367513918235693065,2021-03-04 20:29:48 MSK,2021-03-04,20:29:48,+0300,783214,twitter,Twitter,,"@OliverDurham10 ""my plants are better than yours""",en,[],[],[],3,2,32,[],[],https://twitter.com/Twitter/status/1367527712504561675,False,,0,,,,,,,,"[{'screen_name': 'OliverDurham10', 'name': 'Oli Durham ‚ôï', 'id': '948301813236817920'}]",,,,
1367526544617443328,1367513918235693065,2021-03-04 20:25:10 MSK,2021-03-04,20:25:10,+0300,783214,twitter,Twitter,,"@Vraxooo ""banger bio,  üíô social media person""",es,[],[],[],5,0,80,[],[],https://twitter.com/Twitter/status/1367526544617443328,False,,0,,,,,,,,"[{'screen_name': 'Vraxooo', 'name': 'XSET Vrax', 'id': '999726261734989824'}]",,,,
1367526522379243521,1367513918235693065,2021-03-04 20:25:05 MSK,2021-03-04,20:25:05,+0300,783214,twitter,Twitter,,"@ImLiteralLarry1 ""my name is Larry and I take everything literally""",en,[],[],[],63,82,6231,[],[],https://twitter.com/Twitter/status/1367526522379243521,False,,0,,,,,,,,"[{'screen_name': 'ImLiteralLarry1', 'name': 'Literal Larry', 'id': '1333618885732470784'}]",,,,
